id,name,username,image
a3e86c3e-4a61-48d5-a8b8-e51cf7ff668a,Zena Kelley,velvetround,./assets/user-images/image-zena.jpg
e4e8081e-916c-4670-8ebc-74c3bcc9131c,Suzanne Chang,upbeat1811,./assets/user-images/image-suzanne.jpg
0b18a141-c89b-45f7-8b72-99ef98018f90,Thomas Hood,brawnybrave,./assets/user-images/image-thomas.jpg
3031326a-8dfe-4986-81b3-a8b532f6564c,Elijah Moss,hexagon.bestagon,./assets/user-images/image-elijah.jpg
fec022f2-40bb-43e4-bd1a-36b9a28d224d,James Skinner,hummingbird1,./assets/user-images/image-james.jpg
1d588ced-273f-47c6-98a7-7127db380177,George Partridge,soccerviewer8,./assets/user-images/image-george.jpg
1a4a0e7b-b250-4de5-a459-d042f30a1aeb,Javier Pollard,warlikeduke,./assets/user-images/image-javier.jpg
657f739f-d5ae-4862-adc0-565db720d8de,Roxanne Travis,peppersprime32,./assets/user-images/image-roxanne.jpg
43a6ebb9-a002-4d62-bfa0-9e3be6aee21d,Victoria Mejia,arlen_the_marlin,./assets/user-images/image-victoria.jpg
5137bd54-b637-4546-a299-44ba6428520c,Jackson Barker,countryspirit,./assets/user-images/image-jackson.jpg
a9b76af0-d74b-422d-a91b-23cb02a5cc55,Ryan Welles,voyager.344,./assets/user-images/image-ryan.jpg
a2a6ef4c-7990-45bb-91ff-1ae97c807892,Anne Valentine,annev1990,./assets/user-images/image-anne.jpg
